Director,Released,Title,Writer,Year,imdbID,imdbRating,Actor1,Actor2,Actor3,Actor4,dircount,writcount,a1count,a2count,a3count,a4count,starpower
Frank Darabont,14 Oct 1994,The Shawshank Redemption,"Stephen King (short story ""Rita Hayworth and Shawshank Redemption""), Frank Darabont (screenplay)",1994,tt0111161,9.3,Tim Robbins, Morgan Freeman, Bob Gunton, William Sadler,2,1,1,1,1,1,7
Frank Darabont,10 Dec 1999,The Green Mile,"Stephen King (novel), Frank Darabont (screenplay)",1999,tt0120689,8.5,Tom Hanks, David Morse, Michael Clarke Duncan, Bonnie Hunt,2,1,5,1,1,1,11
Steven Spielberg,24 Jul 1998,Saving Private Ryan,Robert Rodat,1998,tt0120815,8.6,Tom Hanks, Tom Sizemore, Edward Burns, Barry Pepper,7,1,5,1,1,1,16
Robert Zemeckis,06 Jul 1994,Forrest Gump,"Winston Groom (novel), Eric Roth (screenplay)",1994,tt0109830,8.8,Tom Hanks, Rebecca Williams, Sally Field, Michael Conner Humphreys,2,1,5,1,1,1,11
John Lasseter,22 Nov 1995,Toy Story,"John Lasseter (original story by), Pete Docter (original story by), Andrew Stanton (original story by), Joe Ranft (original story by), Joss Whedon (screenplay), Andrew Stanton (screenplay), Joel Cohen (screenplay), Alec Sokolow (screenplay)",1995,tt0114709,8.3,Tom Hanks, Tim Allen, Don Rickles, Jim Varney,1,1,5,2,1,1,11
Lee Unkrich,18 Jun 2010,Toy Story 3,"John Lasseter (story by), Andrew Stanton (story by), Lee Unkrich (story by), Michael Arndt (screenplay)",2010,tt0435761,8.3,Tom Hanks, Tim Allen, Joan Cusack, Ned Beatty,1,1,5,2,1,1,11
Francis Ford Coppola,24 Mar 1972,The Godfather,"Mario Puzo (screenplay), Francis Ford Coppola (screenplay), Mario Puzo (novel)",1972,tt0068646,9.2,Marlon Brando, Al Pacino, James Caan, Richard S. Castellano,3,1,3,1,1,1,10
Francis Ford Coppola,15 Aug 1979,Apocalypse Now,"John Milius, Francis Ford Coppola, Michael Herr (narration)",1979,tt0078788,8.5,Marlon Brando, Martin Sheen, Robert Duvall, Frederic Forrest,3,1,3,1,1,1,10
Elia Kazan,22 Jun 1954,On the Waterfront,"Budd Schulberg (screenplay), Budd Schulberg (based upon an original story by), Malcolm Johnson (suggested by articles by)",1954,tt0047296,8.2,Marlon Brando, Karl Malden, Lee J. Cobb, Rod Steiger,1,1,3,1,2,1,9
Sidney Lumet,01 Apr 1957,12 Angry Men,"Reginald Rose (story), Reginald Rose (screenplay)",1957,tt0050083,8.9,Martin Balsam, John Fiedler, Lee J. Cobb, E.G. Marshall,3,1,1,1,2,1,9
Francis Ford Coppola,20 Dec 1974,The Godfather: Part II,"Francis Ford Coppola (screenplay), Mario Puzo (screenplay), Mario Puzo (novel)",1974,tt0071562,9.0,Al Pacino, Robert Duvall, Diane Keaton, Robert De Niro,3,1,3,1,1,1,10
Brian De Palma,09 Dec 1983,Scarface,Oliver Stone (screenplay),1983,tt0086250,8.3,Al Pacino, Steven Bauer, Michelle Pfeiffer, Mary Elizabeth Mastrantonio,1,1,3,1,1,1,8
Michael Mann,15 Dec 1995,Heat,Michael Mann,1995,tt0113277,8.2,Al Pacino, Robert De Niro, Val Kilmer, Jon Voight,1,1,3,1,1,1,8
Christopher Nolan,18 Jul 2008,The Dark Knight,"Jonathan Nolan (screenplay), Christopher Nolan (screenplay), Christopher Nolan (story), David S. Goyer (story), Bob Kane (characters)",2008,tt0468569,9.0,Christian Bale, Heath Ledger, Aaron Eckhart, Michael Caine,7,2,3,1,1,1,15
Christopher Nolan,20 Jul 2012,The Dark Knight Rises,"Jonathan Nolan (screenplay), Christopher Nolan (screenplay), Christopher Nolan (story), David S. Goyer (story), Bob Kane (characters)",2012,tt1345836,8.5,Christian Bale, Gary Oldman, Tom Hardy, Joseph Gordon-Levitt,7,2,3,2,1,1,16
Luc Besson,18 Nov 1994,Léon: The Professional,Luc Besson,1994,tt0110413,8.6,Jean Reno, Gary Oldman, Natalie Portman, Danny Aiello,1,1,1,2,1,1,7
Christopher Nolan,15 Jun 2005,Batman Begins,"Bob Kane (characters), David S. Goyer (story), Christopher Nolan (screenplay), David S. Goyer (screenplay)",2005,tt0372784,8.3,Christian Bale, Michael Caine, Liam Neeson, Katie Holmes,7,1,3,1,1,1,14
Christopher Nolan,16 Jul 2010,Inception,Christopher Nolan,2010,tt1375666,8.8,Leonardo DiCaprio, Joseph Gordon-Levitt, Ellen Page, Tom Hardy,7,1,6,1,1,1,17
Steven Spielberg,25 Dec 2002,Catch Me If You Can,"Jeff Nathanson (screenplay), Frank Abagnale Jr. (book), Stan Redding (book)",2002,tt0264464,8.0,Leonardo DiCaprio, Tom Hanks, Christopher Walken, Martin Sheen,7,1,6,1,1,1,17
Martin Scorsese,06 Oct 2006,The Departed,"William Monahan (screenplay), Alan Mak, Felix Chong",2006,tt0407887,8.5,Leonardo DiCaprio, Matt Damon, Jack Nicholson, Mark Wahlberg,7,1,6,1,1,1,17
Martin Scorsese,25 Dec 2013,The Wolf of Wall Street,"Terence Winter (screenplay), Jordan Belfort (book)",2013,tt0993846,8.2,Leonardo DiCaprio, Jonah Hill, Margot Robbie, Matthew McConaughey,7,1,6,1,1,1,17
Martin Scorsese,19 Feb 2010,Shutter Island,"Laeta Kalogridis (screenplay), Dennis Lehane (novel)",2010,tt1130884,8.1,Leonardo DiCaprio, Mark Ruffalo, Ben Kingsley, Max von Sydow,7,1,6,1,1,2,18
Ingmar Bergman,13 Oct 1958,The Seventh Seal,"Ingmar Bergman (play), Ingmar Bergman (screenplay)",1957,tt0050976,8.2,Gunnar Björnstrand, Bengt Ekerot, Nils Poppe, Max von Sydow,4,1,1,1,1,2,10
Alejandro G. Iñárritu,08 Jan 2016,The Revenant,"Mark L. Smith (screenplay), Alejandro G. Iñárritu (screenplay), Michael Punke (based in part on the novel by)",2015,tt1663202,8.1,Leonardo DiCaprio, Tom Hardy, Domhnall Gleeson, Will Poulter,2,1,6,2,1,1,13
Gavin O'Connor,09 Sep 2011,Warrior,"Gavin O'Connor (screenplay), Anthony Tambakis (screenplay), Cliff Dorfman (screenplay), Gavin O'Connor (story), Cliff Dorfman (story)",2011,tt1291584,8.2,Joel Edgerton, Tom Hardy, Nick Nolte, Jennifer Morrison,1,1,1,2,1,1,7
Christopher Nolan,07 Nov 2014,Interstellar,"Jonathan Nolan, Christopher Nolan",2014,tt0816692,8.6,Ellen Burstyn, Matthew McConaughey, Mackenzie Foy, John Lithgow,7,1,2,1,1,1,13
Darren Aronofsky,15 Dec 2000,Requiem for a Dream,"Hubert Selby Jr. (based on the book by), Hubert Selby Jr. (screenplay), Darren Aronofsky (screenplay)",2000,tt0180093,8.4,Ellen Burstyn, Jared Leto, Jennifer Connelly, Marlon Wayans,1,1,2,1,2,1,8
Ron Howard,04 Jan 2002,A Beautiful Mind,"Akiva Goldsman, Sylvia Nasar (book)",2001,tt0268978,8.2,Russell Crowe, Ed Harris, Jennifer Connelly, Christopher Plummer,2,1,2,1,2,1,9
Christopher Nolan,25 May 2001,Memento,"Christopher Nolan (screenplay), Jonathan Nolan (short story ""Memento Mori"")",2000,tt0209144,8.5,Guy Pearce, Carrie-Anne Moss, Joe Pantoliano, Mark Boone Junior,7,1,1,1,1,1,12
Christopher Nolan,20 Oct 2006,The Prestige,"Jonathan Nolan (screenplay), Christopher Nolan (screenplay), Christopher Priest (novel)",2006,tt0482571,8.5,Hugh Jackman, Christian Bale, Michael Caine, Piper Perabo,7,1,2,1,1,1,13
Denis Villeneuve,20 Sep 2013,Prisoners,Aaron Guzikowski,2013,tt1392214,8.1,Hugh Jackman, Jake Gyllenhaal, Viola Davis, Maria Bello,2,1,2,1,1,1,8
Sergio Leone,29 Dec 1967,"The Good, the Bad and the Ugly","Luciano Vincenzoni (story), Sergio Leone (story), Agenore Incrocci (screenplay), Furio Scarpelli (screenplay), Luciano Vincenzoni (screenplay), Sergio Leone (screenplay), Mickey Knox (English version by)",1966,tt0060196,8.9,Eli Wallach, Clint Eastwood, Lee Van Cleef, Aldo Giuffrè,5,1,1,1,1,1,10
Sergio Leone,04 Jul 1969,Once Upon a Time in the West,"Sergio Donati (screenplay), Sergio Leone (screenplay), Dario Argento (from a story by), Bernardo Bertolucci (from a story by), Sergio Leone (from a story by)",1968,tt0064116,8.6,Claudia Cardinale, Henry Fonda, Jason Robards, Charles Bronson,5,1,1,1,1,1,10
Sergio Leone,01 Jun 1984,Once Upon a Time in America,"Harry Grey (novel), Leonardo Benvenuti (screenplay), Piero De Bernardi (screenplay), Enrico Medioli (screenplay), Franco Arcalli (screenplay), Franco Ferrini (screenplay), Sergio Leone (screenplay), Stuart Kaminsky (additional dialogue)",1984,tt0087843,8.4,Robert De Niro, James Woods, Elizabeth McGovern, Joe Pesci,5,1,5,1,1,1,14
Martin Scorsese,21 Sep 1990,Goodfellas,"Nicholas Pileggi (book), Nicholas Pileggi (screenplay), Martin Scorsese (screenplay)",1990,tt0099685,8.7,Robert De Niro, Ray Liotta, Joe Pesci, Lorraine Bracco,7,2,5,1,3,1,19
Martin Scorsese,22 Nov 1995,Casino,"Nicholas Pileggi (book), Nicholas Pileggi (screenplay), Martin Scorsese (screenplay)",1995,tt0112641,8.2,Robert De Niro, Sharon Stone, Joe Pesci, James Woods,7,2,5,1,3,1,19
Martin Scorsese,19 Dec 1980,Raging Bull,"Jake LaMotta (based on the book by), Joseph Carter (with), Peter Savage (with), Paul Schrader (screenplay), Mardik Martin (screenplay)",1980,tt0081398,8.3,Robert De Niro, Cathy Moriarty, Joe Pesci, Frank Vincent,7,1,5,1,3,1,18
Michael Cimino,23 Feb 1979,The Deer Hunter,"Michael Cimino (story), Deric Washburn (story), Louis Garfinkle (story), Quinn K. Redeker (story), Deric Washburn (screenplay)",1978,tt0077416,8.2,Robert De Niro, John Cazale, John Savage, Christopher Walken,1,1,5,1,1,1,10
Sergio Leone,10 May 1967,For a Few Dollars More,"Sergio Leone (scenario), Fulvio Morsella (scenario), Luciano Vincenzoni (screenplay), Sergio Leone (screenplay), Luciano Vincenzoni (dialogue: English version)",1965,tt0059578,8.3,Clint Eastwood, Lee Van Cleef, Gian Maria Volontè, Mario Brega,5,1,5,1,2,1,15
Sergio Leone,18 Jan 1967,A Fistful of Dollars,"Adriano Bolzoni (story), Víctor Andrés Catena (story), Sergio Leone (story), Víctor Andrés Catena (screenplay), Jaime Comas Gil (screenplay), Sergio Leone (screenplay)",1964,tt0058461,8.0,Clint Eastwood, Marianne Koch, Gian Maria Volontè, Wolfgang Lukschy,5,1,5,1,2,1,15
Clint Eastwood,07 Aug 1992,Unforgiven,David Webb Peoples,1992,tt0105695,8.3,Clint Eastwood, Gene Hackman, Morgan Freeman, Richard Harris,3,1,5,1,2,1,13
Clint Eastwood,28 Jan 2005,Million Dollar Baby,"Paul Haggis (screenplay), F.X. Toole (stories)",2004,tt0405159,8.1,Clint Eastwood, Hilary Swank, Morgan Freeman, Jay Baruchel,3,1,5,1,2,1,13
Clint Eastwood,09 Jan 2009,Gran Torino,"Nick Schenk (screenplay), Dave Johannson (story), Nick Schenk (story)",2008,tt1205489,8.2,Clint Eastwood, Christopher Carley, Bee Vang, Ahney Her,3,1,5,1,1,1,12
Peter Jackson,17 Dec 2003,The Lord of the Rings: The Return of the King,"J.R.R. Tolkien (novel), Fran Walsh (screenplay), Philippa Boyens (screenplay), Peter Jackson (screenplay)",2003,tt0167260,8.9,Noel Appleby, Ali Astin, Sean Astin, David Aston,3,2,1,1,2,1,10
Peter Jackson,19 Dec 2001,The Lord of the Rings: The Fellowship of the Ring,"J.R.R. Tolkien (novel), Fran Walsh (screenplay), Philippa Boyens (screenplay), Peter Jackson (screenplay)",2001,tt0120737,8.8,Alan Howard, Noel Appleby, Sean Astin, Sala Baker,3,2,1,1,2,2,11
Peter Jackson,18 Dec 2002,The Lord of the Rings: The Two Towers,"J.R.R. Tolkien (novel), Fran Walsh (screenplay), Philippa Boyens (screenplay), Stephen Sinclair (screenplay), Peter Jackson (screenplay)",2002,tt0167261,8.7,Bruce Allpress, Sean Astin, John Bach, Sala Baker,3,1,1,1,1,2,9
Quentin Tarantino,14 Oct 1994,Pulp Fiction,"Quentin Tarantino (story), Roger Avary (story), Quentin Tarantino",1994,tt0110912,8.9,Tim Roth, Amanda Plummer, Laura Lovelace, John Travolta,4,1,1,1,1,1,9
Quentin Tarantino,25 Dec 2012,Django Unchained,Quentin Tarantino,2012,tt1853728,8.5,Jamie Foxx, Christoph Waltz, Leonardo DiCaprio, Kerry Washington,4,2,1,1,1,1,10
"Quentin Tarantino, Eli Roth",21 Aug 2009,Inglourious Basterds,Quentin Tarantino,2009,tt0361748,8.3,Brad Pitt, Mélanie Laurent, Christoph Waltz, Eli Roth,1,2,1,1,1,1,7
Quentin Tarantino,02 Sep 1992,Reservoir Dogs,"Quentin Tarantino, Roger Avary (background radio dialog), Quentin Tarantino (background radio dialog)",1992,tt0105236,8.4,Harvey Keitel, Tim Roth, Michael Madsen, Chris Penn,4,1,1,1,1,1,9
Quentin Tarantino,10 Oct 2003,Kill Bill: Vol. 1,"Quentin Tarantino, Quentin Tarantino (character The Bride), Uma Thurman (character The Bride)",2003,tt0266697,8.1,Uma Thurman, Lucy Liu, Vivica A. Fox, Daryl Hannah,4,1,1,1,1,1,9
Sidney Lumet,27 Nov 1976,Network,Paddy Chayefsky,1976,tt0074958,8.1,Faye Dunaway, William Holden, Peter Finch, Robert Duvall,3,1,1,1,1,1,8
Sidney Lumet,21 Sep 1975,Dog Day Afternoon,"Frank Pierson (screenplay), P.F. Kluge (based upon a magazine article by), Thomas Moore (based upon a magazine article by)",1975,tt0072890,8.0,Penelope Allen, Sully Boyar, John Cazale, Beulah Garrick,3,1,1,1,1,1,8
Steven Spielberg,04 Feb 1994,Schindler's List,"Thomas Keneally (book), Steven Zaillian (screenplay)",1993,tt0108052,8.9,Liam Neeson, Ben Kingsley, Ralph Fiennes, Caroline Goodall,7,1,1,1,1,1,12
Steven Spielberg,12 Jun 1981,Raiders of the Lost Ark,"Lawrence Kasdan (screenplay), George Lucas (story by), Philip Kaufman (story by)",1981,tt0082971,8.5,Harrison Ford, Karen Allen, Paul Freeman, Ronald Lacey,7,1,4,1,1,1,15
Steven Spielberg,24 May 1989,Indiana Jones and the Last Crusade,"Jeffrey Boam (screenplay), George Lucas (story), Menno Meyjes (story), George Lucas (characters), Philip Kaufman (characters)",1989,tt0097576,8.3,Harrison Ford, Sean Connery, Denholm Elliott, Alison Doody,7,1,4,1,1,1,15
Ridley Scott,25 Jun 1982,Blade Runner,"Hampton Fancher (screenplay), David Webb Peoples (screenplay), Philip K. Dick (novel)",1982,tt0083658,8.2,Harrison Ford, Rutger Hauer, Sean Young, Edward James Olmos,4,1,4,1,1,1,12
J.J. Abrams,18 Dec 2015,Star Wars: The Force Awakens,"Lawrence Kasdan, J.J. Abrams, Michael Arndt, George Lucas (based on characters created by)",2015,tt2488496,8.2,Harrison Ford, Mark Hamill, Carrie Fisher, Adam Driver,1,1,4,1,4,1,12
Irvin Kershner,20 Jun 1980,Star Wars: Episode V - The Empire Strikes Back,"Leigh Brackett (screenplay), Lawrence Kasdan (screenplay), George Lucas (story by)",1980,tt0080684,8.8,Mark Hamill, Harrison Ford, Carrie Fisher, Billy Dee Williams,1,1,3,3,4,2,14
Richard Marquand,25 May 1983,Star Wars: Episode VI - Return of the Jedi,"Lawrence Kasdan (screenplay), George Lucas (screenplay), George Lucas (story by)",1983,tt0086190,8.4,Mark Hamill, Harrison Ford, Carrie Fisher, Billy Dee Williams,1,1,3,3,4,2,14
George Lucas,25 May 1977,Star Wars: Episode IV - A New Hope,George Lucas,1977,tt0076759,8.7,Mark Hamill, Harrison Ford, Carrie Fisher, Peter Cushing,1,1,3,3,4,1,13
Steven Spielberg,11 Jun 1993,Jurassic Park,"Michael Crichton (novel), Michael Crichton (screenplay), David Koepp (screenplay)",1993,tt0107290,8.1,Sam Neill, Laura Dern, Jeff Goldblum, Richard Attenborough,7,1,1,1,1,1,12
Steven Spielberg,20 Jun 1975,Jaws,"Peter Benchley (screenplay), Carl Gottlieb (screenplay), Peter Benchley (based on the novel by)",1975,tt0073195,8.0,Roy Scheider, Robert Shaw, Richard Dreyfuss, Lorraine Gary,7,1,1,1,1,1,12
Robert Zemeckis,03 Jul 1985,Back to the Future,"Robert Zemeckis, Bob Gale",1985,tt0088763,8.5,Michael J. Fox, Christopher Lloyd, Lea Thompson, Crispin Glover,2,1,1,1,1,1,7
David Fincher,15 Oct 1999,Fight Club,"Chuck Palahniuk (novel), Jim Uhls (screenplay)",1999,tt0137523,8.8,Edward Norton, Brad Pitt, Meat Loaf, Zach Grenier,3,1,2,1,1,1,9
Tony Kaye,20 Nov 1998,American History X,David McKenna,1998,tt0120586,8.6,Edward Norton, Edward Furlong, Beverly D'Angelo, Jennifer Lien,1,1,2,1,1,1,7
David Fincher,22 Sep 1995,Se7en,Andrew Kevin Walker,1995,tt0114369,8.6,Morgan Freeman, Andrew Kevin Walker, Daniel Zacapa, Brad Pitt,3,1,1,1,1,2,9
Guy Ritchie,19 Jan 2001,Snatch,Guy Ritchie,2000,tt0208092,8.3,Benicio Del Toro, Dennis Farina, Vinnie Jones, Brad Pitt,2,2,1,1,1,2,9
David Fincher,03 Oct 2014,Gone Girl,"Gillian Flynn (screenplay), Gillian Flynn (novel)",2014,tt2267998,8.1,Ben Affleck, Rosamund Pike, Neil Patrick Harris, Tyler Perry,3,1,1,1,1,1,8
Akira Kurosawa,19 Nov 1956,Seven Samurai,"Akira Kurosawa (screenplay), Shinobu Hashimoto (screenplay), Hideo Oguni (screenplay)",1954,tt0047478,8.7,Toshirô Mifune, Takashi Shimura, Keiko Tsushima, Yukiko Shimazaki,5,1,3,1,1,1,12
Akira Kurosawa,13 Sep 1961,Yojimbo,"Akira Kurosawa (story), Akira Kurosawa (screenplay), Ryûzô Kikushima (screenplay)",1961,tt0055630,8.3,Toshirô Mifune, Tatsuya Nakadai, Yôko Tsukasa, Isuzu Yamada,5,1,3,1,1,1,12
Akira Kurosawa,26 Dec 1951,Rashomon,"Ryûnosuke Akutagawa (stories), Akira Kurosawa (screenplay), Shinobu Hashimoto (screenplay)",1950,tt0042876,8.3,Toshirô Mifune, Machiko Kyô, Masayuki Mori, Takashi Shimura,5,1,3,1,1,1,12
Akira Kurosawa,25 Mar 1956,Ikiru,"Akira Kurosawa, Shinobu Hashimoto, Hideo Oguni",1952,tt0044741,8.3,Takashi Shimura, Shin'ichi Himori, Haruo Tanaka, Minoru Chiaki,5,1,1,1,1,1,10
Akira Kurosawa,01 Jun 1985,Ran,"Akira Kurosawa (screenplay), Hideo Oguni (screenplay), Masato Ide (screenplay), William Shakespeare (play)",1985,tt0089881,8.3,Tatsuya Nakadai, Akira Terao, Jinpachi Nezu, Daisuke Ryû,5,1,1,1,1,1,10
Martin Scorsese,08 Feb 1976,Taxi Driver,Paul Schrader,1976,tt0075314,8.3,Diahnne Abbott, Frank Adu, Victor Argo, Gino Ardito,7,1,1,1,1,1,12
"Lana Wachowski, Lilly Wachowski",31 Mar 1999,The Matrix,"Lilly Wachowski, Lana Wachowski",1999,tt0133093,8.7,Keanu Reeves, Laurence Fishburne, Carrie-Anne Moss, Hugo Weaving,1,1,1,1,1,1,6
"Fernando Meirelles, Kátia Lund",13 Feb 2004,City of God,"Paulo Lins (novel), Bráulio Mantovani (screenplay)",2002,tt0317248,8.7,Alexandre Rodrigues, Leandro Firmino, Phellipe Haagensen, Douglas Silva,1,1,1,1,1,1,6
Milos Forman,21 Nov 1975,One Flew Over the Cuckoo's Nest,"Lawrence Hauben (screenplay), Bo Goldman (screenplay), Ken Kesey (based on the novel by), Dale Wasserman (the play version: ""One Flew Over the Cuckoo's Nest"" by)",1975,tt0073486,8.7,Michael Berryman, Peter Brocco, Dean R. Brooks, Alonzo Brown,2,1,1,1,1,1,7
Milos Forman,19 Sep 1984,Amadeus,"Peter Shaffer (original stage play), Peter Shaffer (original screenplay)",1984,tt0086879,8.3,F. Murray Abraham, Tom Hulce, Elizabeth Berridge, Roy Dotrice,2,1,1,1,1,1,7
Charles Chaplin,07 Mar 1931,City Lights,Charles Chaplin,1931,tt0021749,8.6,Virginia Cherrill, Florence Lee, Harry Myers, Al Ernest Garcia,5,5,1,1,1,1,14
Charles Chaplin,25 Feb 1936,Modern Times,Charles Chaplin,1936,tt0027977,8.6,Charles Chaplin, Paulette Goddard, Henry Bergman, Tiny Sandford,5,5,3,1,1,1,16
Charles Chaplin,07 Mar 1941,The Great Dictator,Charles Chaplin,1940,tt0032553,8.5,Charles Chaplin, Jack Oakie, Reginald Gardiner, Henry Daniell,5,5,3,1,1,1,16
Charles Chaplin,N/A,The Gold Rush,Charles Chaplin,1925,tt0015864,8.2,Charles Chaplin, Mack Swain, Tom Murray, Henry Bergman,5,5,3,1,1,1,16
Charles Chaplin,06 Feb 1921,The Kid,Charles Chaplin,1921,tt0012349,8.3,Carl Miller, Edna Purviance, Jackie Coogan, Charles Chaplin,5,5,1,1,1,1,14
Michael Curtiz,23 Jan 1943,Casablanca,"Julius J. Epstein (screenplay), Philip G. Epstein (screenplay), Howard Koch (screenplay), Murray Burnett (play), Joan Alison (play)",1942,tt0034583,8.6,Humphrey Bogart, Ingrid Bergman, Paul Henreid, Claude Rains,1,1,3,1,1,1,8
John Huston,24 Jan 1948,The Treasure of the Sierra Madre,"John Huston (screenplay), B. Traven (based on the novel by)",1948,tt0040897,8.3,Humphrey Bogart, Walter Huston, Tim Holt, Bruce Bennett,2,1,3,1,1,1,9
John Huston,18 Oct 1941,The Maltese Falcon,"John Huston (screenplay), Dashiell Hammett (based upon the novel by)",1941,tt0033870,8.1,Humphrey Bogart, Mary Astor, Gladys George, Peter Lorre,2,1,3,1,1,1,9
Roberto Benigni,12 Feb 1999,Life Is Beautiful,"Vincenzo Cerami (story and screenplay by), Roberto Benigni (story and screenplay by)",1997,tt0118799,8.6,Roberto Benigni, Nicoletta Braschi, Giorgio Cantarini, Giustino Durano,1,1,1,1,1,1,6
Jonathan Demme,14 Feb 1991,The Silence of the Lambs,"Thomas Harris (novel), Ted Tally (screenplay)",1991,tt0102926,8.6,Jodie Foster, Lawrence A. Bonney, Kasi Lemmons, Lawrence T. Wrentz,1,1,1,1,1,1,6
"Olivier Nakache, Eric Toledano",02 Nov 2011,The Intouchables,"Olivier Nakache, Eric Toledano",2011,tt1675434,8.6,François Cluzet, Omar Sy, Anne Le Ny, Audrey Fleurot,1,1,1,1,1,1,6
Hayao Miyazaki,28 Mar 2003,Spirited Away,Hayao Miyazaki,2001,tt0245429,8.6,Rumi Hiiragi, Miyu Irino, Mari Natsuki, Takashi Naitô,6,4,1,1,1,1,14
Hayao Miyazaki,12 Jul 1997,Princess Mononoke,Hayao Miyazaki,1997,tt0119698,8.4,Billy Crudup, Billy Bob Thornton, Minnie Driver, John DiMaggio,6,4,1,1,1,1,14
Hayao Miyazaki,16 Apr 1988,My Neighbor Totoro,Hayao Miyazaki,1988,tt0096283,8.2,Chika Sakamoto, Hitoshi Takagi, Noriko Hidaka, Shigesato Itoi,6,4,1,1,1,1,14
Hayao Miyazaki,02 Aug 1986,Castle in the Sky,Hayao Miyazaki,1986,tt0092067,8.1,Anna Paquin, James Van Der Beek, Cloris Leachman, Mark Hamill,6,4,1,1,1,1,14
Hayao Miyazaki,17 Jun 2005,Howl's Moving Castle,"Hayao Miyazaki (screenplay), Diana Wynne Jones (novel)",2004,tt0347149,8.2,Chieko Baishô, Takuya Kimura, Akihiro Miwa, Tatsuya Gashûin,6,1,1,1,1,1,11
Hayao Miyazaki,11 Mar 1984,Nausicaä of the Valley of the Wind,"Hayao Miyazaki (comic), Hayao Miyazaki (screenplay), Donald H. Hewitt (english version)",1984,tt0087544,8.1,Sumi Shimamoto, Mahito Tsujimura, Hisako Kyôda, Gorô Naya,6,1,1,1,1,1,11
Frank Capra,07 Jan 1947,It's a Wonderful Life,"Frances Goodrich (screenplay), Albert Hackett (screenplay), Frank Capra (screenplay), Jo Swerling (additional scenes), Philip Van Doren Stern (story)",1946,tt0038650,8.6,James Stewart, Donna Reed, Lionel Barrymore, Thomas Mitchell,3,1,3,1,1,1,10
Alfred Hitchcock,01 Sep 1954,Rear Window,"John Michael Hayes (screenplay), Cornell Woolrich (based on the short story by)",1954,tt0047396,8.5,James Stewart, Grace Kelly, Wendell Corey, Thelma Ritter,7,1,3,2,1,1,15
Alfred Hitchcock,29 May 1954,Dial M for Murder,"Frederick Knott (screen play), Frederick Knott (adapted from his play)",1954,tt0046912,8.2,Ray Milland, Grace Kelly, Robert Cummings, John Williams,7,1,1,2,1,1,13
Alfred Hitchcock,21 Jul 1958,Vertigo,"Alec Coppel (screenplay), Samuel A. Taylor (screenplay), Pierre Boileau (novel), Thomas Narcejac (novel)",1958,tt0052357,8.4,James Stewart, Kim Novak, Barbara Bel Geddes, Tom Helmore,7,1,3,1,1,1,14
Frank Capra,19 Oct 1939,Mr. Smith Goes to Washington,"Sidney Buchman (screen play), Lewis R. Foster (story)",1939,tt0031679,8.2,Jean Arthur, James Stewart, Claude Rains, Edward Arnold,3,1,1,1,1,1,8
Frank Capra,23 Feb 1934,It Happened One Night,"Robert Riskin (screen play), Samuel Hopkins Adams (based on the short story by)",1934,tt0025316,8.2,Clark Gable, Claudette Colbert, Walter Connolly, Roscoe Karns,3,1,1,1,1,1,8
Bryan Singer,15 Sep 1995,The Usual Suspects,Christopher McQuarrie,1995,tt0114814,8.6,Stephen Baldwin, Gabriel Byrne, Benicio Del Toro, Kevin Pollak,1,1,1,1,1,1,6
Giuseppe Tornatore,23 Feb 1990,Cinema Paradiso,"Giuseppe Tornatore (story), Giuseppe Tornatore (screenplay), Vanna Paoli (collaborating writer), Richard Epcar (english version)",1988,tt0095765,8.5,Antonella Attili, Enzo Cannavale, Isa Danieli, Leo Gullotta,1,1,1,1,1,1,6
Isao Takahata,16 Apr 1988,Grave of the Fireflies,"Akiyuki Nosaka (novel), Isao Takahata",1988,tt0095327,8.5,Tsutomu Tatsumi, Ayano Shiraishi, Yoshiko Shinohara, Akemi Yamaguchi,1,1,1,1,1,1,6
James Cameron,03 Jul 1991,Terminator 2: Judgment Day,"James Cameron, William Wisher Jr.",1991,tt0103064,8.5,Arnold Schwarzenegger, Linda Hamilton, Edward Furlong, Robert Patrick,3,1,2,1,1,1,9
James Cameron,26 Oct 1984,The Terminator,"James Cameron, Gale Anne Hurd, William Wisher Jr. (additional dialogue)",1984,tt0088247,8.1,Arnold Schwarzenegger, Michael Biehn, Linda Hamilton, Paul Winfield,3,1,2,1,1,1,9
James Cameron,18 Jul 1986,Aliens,"James Cameron (story), David Giler (story), Walter Hill (story), Dan O'Bannon (characters), Ronald Shusett (characters), James Cameron (screenplay)",1986,tt0090605,8.4,Sigourney Weaver, Carrie Henn, Michael Biehn, Paul Reiser,3,1,1,1,1,1,8
Roman Polanski,28 Mar 2003,The Pianist,"Ronald Harwood (screenplay), Wladyslaw Szpilman (book)",2002,tt0253474,8.5,Adrien Brody, Emilia Fox, Michal Zebrowski, Ed Stoppard,2,1,1,1,1,1,7
Roman Polanski,20 Jun 1974,Chinatown,Robert Towne,1974,tt0071315,8.2,Jack Nicholson, Faye Dunaway, John Huston, Perry Lopez,2,1,2,1,1,1,8
Stanley Kubrick,13 Jun 1980,The Shining,"Stephen King (novel), Stanley Kubrick (screenplay), Diane Johnson (screenplay)",1980,tt0081505,8.4,Jack Nicholson, Shelley Duvall, Danny Lloyd, Scatman Crothers,7,1,2,1,1,1,13
Ridley Scott,22 Jun 1979,Alien,"Dan O'Bannon (story), Ronald Shusett (story), Dan O'Bannon (screenplay)",1979,tt0078748,8.5,Tom Skerritt, Sigourney Weaver, Veronica Cartwright, Harry Dean Stanton,4,1,1,1,1,1,9
Ridley Scott,05 May 2000,Gladiator,"David Franzoni (story), David Franzoni (screenplay), John Logan (screenplay), William Nicholson (screenplay)",2000,tt0172495,8.5,Russell Crowe, Joaquin Phoenix, Connie Nielsen, Oliver Reed,4,1,2,1,1,1,10
Ridley Scott,02 Oct 2015,The Martian,"Drew Goddard (screenplay), Andy Weir (book)",2015,tt3659388,8.0,Matt Damon, Jessica Chastain, Kristen Wiig, Jeff Daniels,4,1,3,1,1,1,11
Gus Van Sant,09 Jan 1998,Good Will Hunting,"Matt Damon, Ben Affleck",1997,tt0119217,8.3,Matt Damon, Robin Williams, Ben Affleck, Stellan Skarsgård,1,1,3,1,1,1,8
Paul Greengrass,03 Aug 2007,The Bourne Ultimatum,"Tony Gilroy (screenplay), Scott Z. Burns (screenplay), George Nolfi (screenplay), Tony Gilroy (screen story), Robert Ludlum (novel)",2007,tt0440963,8.1,Matt Damon, Julia Stiles, David Strathairn, Scott Glenn,1,1,3,1,1,1,8
Florian Henckel von Donnersmarck,30 Mar 2007,The Lives of Others,Florian Henckel von Donnersmarck,2006,tt0405094,8.5,Martina Gedeck, Ulrich Mühe, Sebastian Koch, Ulrich Tukur,1,1,1,1,1,1,6
"Roger Allers, Rob Minkoff",24 Jun 1994,The Lion King,"Irene Mecchi (screenplay), Jonathan Roberts (screenplay), Linda Woolverton (screenplay), Burny Mattinson (story), Barry Johnson (story), Lorna Cook (story), Thom Enriquez (story), Andy Gaskill (story), Gary Trousdale (story), Jim Capobianco (story), Kevin Harkey (story), Jorgen Klubien (story), Chris Sanders (story), Tom Sito (story), Larry Leker (story), Joe Ranft (story), Rick Maki (story), Ed Gombert (story), Francis Glebas (story), Mark Kausler (story), J.T. Allen (additional story material), George Scribner (additional story material), Miguel Tejada-Flores (additional story material), Jenny Tripp (additional story material), Bob Tzudiker (additional story material), Christopher Vogler (additional story material), Kirk Wise (additional story material), Noni White (additional story material), Brenda Chapman (story supervisor)",1994,tt0110357,8.5,Matthew Broderick, Jonathan Taylor Thomas, James Earl Jones, Jim Cummings,1,1,1,1,1,1,6
Stanley Kubrick,25 Oct 1957,Paths of Glory,"Stanley Kubrick (screenplay), Calder Willingham (screenplay), Jim Thompson (screenplay), Humphrey Cobb (based on the novel ""Paths of Glory"" by)",1957,tt0050825,8.5,Kirk Douglas, Ralph Meeker, Adolphe Menjou, George Macready,7,1,1,1,1,1,12
Stanley Kubrick,29 Jan 1964,Dr. Strangelove or: How I Learned to Stop Worrying and Love the Bomb,"Stanley Kubrick (screenplay), Terry Southern (screenplay), Peter George (screenplay), Peter George (based on the book: ""Red Alert"" by)",1964,tt0057012,8.5,Peter Sellers, George C. Scott, Sterling Hayden, Keenan Wynn,7,1,1,1,1,1,12
Stanley Kubrick,10 Jul 1987,Full Metal Jacket,"Gustav Hasford (novel), Stanley Kubrick (screenplay), Michael Herr (screenplay), Gustav Hasford (screenplay)",1987,tt0093058,8.3,Matthew Modine, Adam Baldwin, Vincent D'Onofrio, R. Lee Ermey,7,1,1,1,1,1,12
Stanley Kubrick,12 May 1968,2001: A Space Odyssey,"Stanley Kubrick (screenplay), Arthur C. Clarke (screenplay)",1968,tt0062622,8.3,Keir Dullea, Gary Lockwood, William Sylvester, Daniel Richter,7,1,1,1,1,1,12
Stanley Kubrick,02 Feb 1972,A Clockwork Orange,"Stanley Kubrick (screenplay), Anthony Burgess (novel)",1971,tt0066921,8.3,Malcolm McDowell, Patrick Magee, Michael Bates, Warren Clarke,7,1,1,1,1,1,12
Stanley Kubrick,18 Dec 1975,Barry Lyndon,"Stanley Kubrick (written for the screen by), William Makepeace Thackeray (novel)",1975,tt0072684,8.1,Ryan O'Neal, Marisa Berenson, Patrick Magee, Hardy Krüger,7,1,1,1,1,1,12
Damien Chazelle,15 Oct 2014,Whiplash,Damien Chazelle,2014,tt2582802,8.5,Miles Teller, J.K. Simmons, Paul Reiser, Melissa Benoist,1,1,1,1,1,1,6
Billy Wilder,29 Sep 1950,Sunset Boulevard,"Charles Brackett, Billy Wilder, D.M. Marshman Jr.",1950,tt0043014,8.5,William Holden, Gloria Swanson, Erich von Stroheim, Nancy Olson,5,1,2,1,1,1,11
David Lean,14 Dec 1957,The Bridge on the River Kwai,"Pierre Boulle (novel), Carl Foreman (screenplay), Michael Wilson (screenplay)",1957,tt0050212,8.2,William Holden, Alec Guinness, Jack Hawkins, Sessue Hayakawa,2,1,2,2,1,1,9
David Lean,11 Dec 1962,Lawrence of Arabia,"T.E. Lawrence (writings), Robert Bolt (screenplay), Michael Wilson (screenplay)",1962,tt0056172,8.4,Peter O'Toole, Alec Guinness, Anthony Quinn, Jack Hawkins,2,1,1,2,1,1,8
Billy Wilder,06 Feb 1958,Witness for the Prosecution,"Agatha Christie (in Agatha Christie's international stage success), Billy Wilder (screen play), Harry Kurnitz (screen play), Lawrence B. Marcus (adaptation)",1957,tt0051201,8.4,Tyrone Power, Marlene Dietrich, Charles Laughton, Elsa Lanchester,5,1,1,1,1,1,10
Billy Wilder,24 Apr 1944,Double Indemnity,"Billy Wilder (screenplay), Raymond Chandler (screenplay), James M. Cain (from the novel by)",1944,tt0036775,8.4,Fred MacMurray, Barbara Stanwyck, Edward G. Robinson, Porter Hall,5,1,1,1,1,1,10
Billy Wilder,14 Apr 1959,Some Like It Hot,"Billy Wilder (screenplay), I.A.L. Diamond (screenplay), Robert Thoeren (suggested by a story by), Michael Logan (suggested by a story by)",1959,tt0053291,8.3,Marilyn Monroe, Tony Curtis, Jack Lemmon, George Raft,5,1,1,1,1,1,10
Billy Wilder,16 Sep 1960,The Apartment,"Billy Wilder, I.A.L. Diamond",1960,tt0053604,8.3,Jack Lemmon, Shirley MacLaine, Fred MacMurray, Ray Walston,5,1,1,1,1,1,10
Alfred Hitchcock,08 Sep 1960,Psycho,"Joseph Stefano (screenplay), Robert Bloch (novel)",1960,tt0054215,8.5,Anthony Perkins, Vera Miles, John Gavin, Janet Leigh,7,1,1,1,1,1,12
Alfred Hitchcock,26 Sep 1959,North by Northwest,Ernest Lehman,1959,tt0053125,8.4,Cary Grant, Eva Marie Saint, James Mason, Jessie Royce Landis,7,1,1,1,1,1,12
Alfred Hitchcock,12 Apr 1940,Rebecca,"Daphne Du Maurier (celebrated novel), Robert E. Sherwood (screen play), Joan Harrison (screen play), Philip MacDonald (adaptation), Michael Hogan (adaptation)",1940,tt0032976,8.2,Laurence Olivier, Joan Fontaine, George Sanders, Judith Anderson,7,1,1,1,2,1,13
Joseph L. Mankiewicz,15 Jan 1951,All About Eve,Joseph L. Mankiewicz (written for the screen by),1950,tt0042192,8.3,Bette Davis, Anne Baxter, George Sanders, Celeste Holm,1,1,1,1,2,1,7
Alfred Hitchcock,30 Jun 1951,Strangers on a Train,"Raymond Chandler (screen play), Czenzi Ormonde (screen play), Whitfield Cook (adaptation), Patricia Highsmith (from the novel by)",1951,tt0044079,8.1,Farley Granger, Ruth Roman, Robert Walker, Leo G. Carroll,7,1,1,1,1,1,12
Orson Welles,05 Sep 1941,Citizen Kane,"Herman J. Mankiewicz (original screen play), Orson Welles (original screen play)",1941,tt0033467,8.4,Joseph Cotten, Dorothy Comingore, Agnes Moorehead, Ruth Warrick,2,1,2,1,1,1,8
Carol Reed,31 Aug 1949,The Third Man,"Graham Greene (by), Graham Greene (screen play)",1949,tt0041959,8.3,Joseph Cotten, Alida Valli, Orson Welles, Trevor Howard,1,1,2,1,2,1,8
Orson Welles,21 May 1958,Touch of Evil,"Orson Welles (screenplay), Whit Masterson (based on the novel ""Badge Of Evil"" by)",1958,tt0052311,8.1,Charlton Heston, Janet Leigh, Orson Welles, Joseph Calleia,2,1,2,1,2,1,9
William Wyler,29 Jan 1960,Ben-Hur,"Lew Wallace (novel), Karl Tunberg (screenplay)",1959,tt0052618,8.1,Charlton Heston, Jack Hawkins, Haya Harareet, Stephen Boyd,3,1,2,1,1,1,9
Andrew Stanton,27 Jun 2008,WALL·E,"Andrew Stanton (original story by), Pete Docter (original story by), Andrew Stanton (screenplay), Jim Reardon (screenplay)",2008,tt0910970,8.4,Ben Burtt, Elissa Knight, Jeff Garlin, Fred Willard,1,1,1,1,1,1,6
Moustapha Akkad,08 Jul 1977,The Message,"H.A.L. Craig, Tewfik El-Hakim, A.B. Jawdat El-Sahhar, A.B. Rahman El-Sharkawi, Mohammad Ali Maher",1976,tt0074896,8.4,Anthony Quinn, Irene Papas, Michael Ansara, Johnny Sekka,1,1,1,1,1,1,6
Fritz Lang,31 Aug 1931,M,"Thea von Harbou (script), Fritz Lang (script)",1931,tt0022100,8.4,Peter Lorre, Ellen Widmann, Inge Landgut, Otto Wernicke,2,1,1,1,1,1,7
Fritz Lang,13 Mar 1927,Metropolis,"Thea von Harbou (screenplay), Thea von Harbou (novel)",1927,tt0017136,8.3,Alfred Abel, Gustav Fröhlich, Rudolf Klein-Rogge, Fritz Rasp,2,1,1,1,1,1,7
Wolfgang Petersen,10 Feb 1982,Das Boot,"Wolfgang Petersen (screenplay), Lothar G. Buchheim (novel)",1981,tt0082096,8.4,Jürgen Prochnow, Herbert Grönemeyer, Klaus Wennemann, Hubertus Bengsch,1,1,1,1,1,1,6
Asghar Farhadi,16 Mar 2011,A Separation,Asghar Farhadi,2011,tt1832382,8.4,Peyman Moaadi, Leila Hatami, Sareh Bayat, Shahab Hosseini,1,1,1,1,1,1,6
Jean-Pierre Jeunet,08 Feb 2002,Amélie,"Guillaume Laurant (scenario), Jean-Pierre Jeunet (scenario), Guillaume Laurant (dialogue)",2001,tt0211915,8.4,Audrey Tautou, Mathieu Kassovitz, Rufus, Lorella Cravotta,1,1,1,1,1,1,6
Mel Gibson,24 May 1995,Braveheart,Randall Wallace,1995,tt0112573,8.4,James Robinson, Sean Lawlor, Sandy Nelson, James Cosmo,1,1,1,1,1,1,6
Robert Mulligan,16 Mar 1963,To Kill a Mockingbird,"Harper Lee (based on her novel ""To Kill a Mockingbird""), Horton Foote (screenplay)",1962,tt0056592,8.4,Gregory Peck, John Megna, Frank Overton, Rosemary Murphy,1,1,2,1,1,1,7
William Wyler,02 Sep 1953,Roman Holiday,"Ian McLellan Hunter (screenplay), John Dighton (screenplay), Dalton Trumbo (screenplay), Dalton Trumbo (story)",1953,tt0046250,8.1,Gregory Peck, Audrey Hepburn, Eddie Albert, Hartley Power,3,1,2,1,1,1,9
Sam Mendes,01 Oct 1999,American Beauty,Alan Ball,1999,tt0169547,8.4,Kevin Spacey, Annette Bening, Thora Birch, Wes Bentley,1,1,2,1,1,1,7
Curtis Hanson,19 Sep 1997,L.A. Confidential,"James Ellroy (novel), Brian Helgeland (screenplay), Curtis Hanson (screenplay)",1997,tt0119488,8.3,Kevin Spacey, Russell Crowe, Guy Pearce, James Cromwell,1,1,2,1,1,1,7
Rajkumar Hirani,25 Dec 2009,3 Idiots,"Rajkumar Hirani (screenplay), Abhijat Joshi (screenplay), Vidhu Vinod Chopra (screenplay), Abhijat Joshi (story), Chetan Bhagat (novel)",2009,tt1187043,8.4,Aamir Khan, Madhavan, Sharman Joshi, Kareena Kapoor,1,1,2,1,1,1,7
Ashutosh Gowariker,08 May 2002,Lagaan: Once Upon a Time in India,"Ashutosh Gowariker (story), Ashutosh Gowariker (screenplay), Kumar Dave (screenplay), Sanjay Dayma (screenplay), K.P. Saxena (dialogue)",2001,tt0169102,8.2,Aamir Khan, Gracy Singh, Rachel Shelley, Paul Blackthorne,1,1,2,1,1,1,7
Majid Majidi,22 Jan 1999,Children of Heaven,Majid Majidi,1997,tt0118849,8.4,Mohammad Amir Naji, Amir Farrokh Hashemian, Bahare Seddiqi, Nafise Jafar-Mohammadi,1,1,1,1,1,1,6
Chan-wook Park,21 Nov 2003,Oldboy,"Garon Tsuchiya (story), Nobuaki Minegishi (comic), Chan-wook Park (screenplay), Chun-hyeong Lim (screenplay), Jo-yun Hwang (screenplay), Joon-hyung Lim",2003,tt0364569,8.4,Min-sik Choi, Ji-tae Yu, Hye-jeong Kang, Dae-han Ji,1,1,1,1,1,1,6
Elem Klimov,17 Oct 1985,Come and See,"Ales Adamovich (story), Ales Adamovich (screenplay), Elem Klimov (screenplay)",1985,tt0091251,8.3,Aleksey Kravchenko, Olga Mironova, Liubomiras Laucevicius, Vladas Bagdonas,1,1,1,1,1,1,6
Vittorio De Sica,13 Dec 1949,Bicycle Thieves,"Cesare Zavattini (story), Luigi Bartolini (novel), Oreste Biancoli (screenplay), Suso Cecchi D'Amico (screenplay), Vittorio De Sica (screenplay), Adolfo Franci (screenplay), Gherardo Gherardi (screenplay), Gerardo Guerrieri (screenplay), Cesare Zavattini (screenplay)",1948,tt0040522,8.3,Lamberto Maggiorani, Enzo Staiola, Lianella Carell, Gino Saltamerenda,1,1,1,1,1,1,6
"Terry Gilliam, Terry Jones",25 May 1975,Monty Python and the Holy Grail,"Graham Chapman, John Cleese, Eric Idle, Terry Gilliam, Terry Jones, Michael Palin",1975,tt0071853,8.3,Graham Chapman, John Cleese, Eric Idle, Terry Gilliam,1,1,2,2,1,1,8
Terry Jones,17 Aug 1979,Life of Brian,"Graham Chapman, John Cleese, Terry Gilliam, Eric Idle, Terry Jones, Michael Palin",1979,tt0079470,8.1,Graham Chapman, John Cleese, Terry Gilliam, Eric Idle,1,1,2,2,1,1,8
John Sturges,04 Jul 1963,The Great Escape,"Paul Brickhill (book), James Clavell (screenplay), W.R. Burnett (screenplay)",1963,tt0057115,8.3,Steve McQueen, James Garner, Richard Attenborough, James Donald,1,1,1,1,1,1,6
F.W. Murnau,04 Nov 1927,Sunrise,"Carl Mayer (scenario), Hermann Sudermann (from an original theme by), Katherine Hilliker (titles), H.H. Caldwell (titles)",1927,tt0018455,8.3,George O'Brien, Janet Gaynor, Margaret Livingston, Bodil Rosing,1,1,1,1,1,1,6
"Pete Docter, Bob Peterson",29 May 2009,Up,"Pete Docter (story by), Bob Peterson (story by), Tom McCarthy (story by), Bob Peterson (screenplay), Pete Docter (screenplay)",2009,tt1049413,8.3,Edward Asner, Christopher Plummer, Jordan Nagai, Bob Peterson,1,1,1,1,1,1,6
Michel Gondry,19 Mar 2004,Eternal Sunshine of the Spotless Mind,"Charlie Kaufman (story), Michel Gondry (story), Pierre Bismuth (story), Charlie Kaufman (screenplay)",2004,tt0338013,8.3,Jim Carrey, Kate Winslet, Gerry Robert Byrne, Elijah Wood,1,1,2,1,1,1,7
Peter Weir,05 Jun 1998,The Truman Show,Andrew Niccol,1998,tt0120382,8.1,Jim Carrey, Laura Linney, Noah Emmerich, Natascha McElhone,1,1,2,1,1,1,7
Stanley Kramer,18 Dec 1961,Judgment at Nuremberg,"Abby Mann, Abby Mann (based on his original story by)",1961,tt0055031,8.3,Spencer Tracy, Burt Lancaster, Richard Widmark, Marlene Dietrich,1,1,1,1,1,1,6
George Roy Hill,25 Dec 1973,The Sting,David S. Ward,1973,tt0070735,8.3,Paul Newman, Robert Redford, Robert Shaw, Charles Durning,2,1,3,2,1,1,10
George Roy Hill,24 Oct 1969,Butch Cassidy and the Sundance Kid,William Goldman,1969,tt0064115,8.1,Paul Newman, Robert Redford, Katharine Ross, Strother Martin,2,1,3,2,1,1,10
Stuart Rosenberg,01 Nov 1967,Cool Hand Luke,"Donn Pearce (screenplay), Frank Pierson (screenplay), Donn Pearce (novel)",1967,tt0061512,8.2,Paul Newman, George Kennedy, J.D. Cannon, Lou Antonio,1,1,3,1,1,1,8
"Stanley Donen, Gene Kelly",11 Apr 1952,Singin' in the Rain,"Betty Comden (story by), Adolph Green (story by)",1952,tt0045152,8.3,Gene Kelly, Donald O'Connor, Debbie Reynolds, Jean Hagen,1,1,1,1,1,1,6
Yasujirô Ozu,13 Mar 1972,Tokyo Story,"Kôgo Noda (scenario), Yasujirô Ozu (scenario)",1953,tt0046438,8.3,Chishû Ryû, Chieko Higashiyama, Setsuko Hara, Haruko Sugimura,1,1,1,1,1,1,6
Carl Theodor Dreyer,25 Oct 1928,The Passion of Joan of Arc,"Joseph Delteil, Carl Theodor Dreyer",1928,tt0019254,8.3,Maria Falconetti, Eugene Silvain, André Berley, Maurice Schutz,1,1,1,1,1,1,6
"Pete Docter, Ronnie Del Carmen",19 Jun 2015,Inside Out,"Pete Docter (original story by), Ronnie Del Carmen (original story by), Pete Docter (screenplay), Meg LeFauve (screenplay), Josh Cooley (screenplay), Michael Arndt (additional story material by), Bill Hader (additional dialogue by), Amy Poehler (additional dialogue by), Simon Rich (additional story material by)",2015,tt2096673,8.3,Amy Poehler, Phyllis Smith, Richard Kind, Bill Hader,1,1,1,1,1,1,6
Anurag Kashyap,02 Aug 2012,Gangs of Wasseypur,"Akhilesh Jaiswal, Anurag Kashyap, Sachin K. Ladia, Zeishan Quadri",2012,tt1954470,8.3,Manoj Bajpayee, Richa Chadha, Nawazuddin Siddiqui, Tigmanshu Dhulia,1,1,1,1,1,1,6
Oliver Hirschbiegel,08 Apr 2005,Downfall,"Bernd Eichinger (screenplay), Joachim Fest (book), Traudl Junge (book), Melissa Müller (book)",2004,tt0363163,8.3,Bruno Ganz, Alexandra Maria Lara, Corinna Harfouch, Ulrich Matthes,1,1,1,1,1,1,6
Guy Ritchie,28 Aug 1998,"Lock, Stock and Two Smoking Barrels",Guy Ritchie,1998,tt0120735,8.2,Jason Flemyng, Dexter Fletcher, Nick Moran, Jason Statham,2,2,1,1,1,1,8
Thomas Vinterberg,10 Jan 2013,The Hunt,"Tobias Lindholm (screenplay), Thomas Vinterberg (screenplay)",2012,tt2106476,8.3,Mads Mikkelsen, Thomas Bo Larsen, Annika Wedderkopp, Lasse Fogelstrøm,1,1,1,1,1,1,6
Henri-Georges Clouzot,16 Feb 1955,The Wages of Fear,"Georges Arnaud (novel), Henri-Georges Clouzot (adaptation), Jérôme Géronimi (adaptation)",1953,tt0046268,8.2,Yves Montand, Charles Vanel, Folco Lulli, Peter van Eyck,2,1,1,1,1,1,7
Henri-Georges Clouzot,21 Nov 1955,Diabolique,"Pierre Boileau (novel), Thomas Narcejac (novel), Henri-Georges Clouzot (scenario and dialogue), Jérôme Géronimi (scenario and dialogue), René Masson (collaboration), Frédéric Grendel (collaboration)",1955,tt0046911,8.1,Simone Signoret, Véra Clouzot, Paul Meurisse, Charles Vanel,2,1,1,1,1,1,7
John McTiernan,20 Jul 1988,Die Hard,"Roderick Thorp (novel), Jeb Stuart (screenplay), Steven E. de Souza (screenplay)",1988,tt0095016,8.2,Bruce Willis, Bonnie Bedelia, Reginald VelJohnson, Paul Gleason,1,1,2,1,1,1,7
M. Night Shyamalan,06 Aug 1999,The Sixth Sense,M. Night Shyamalan,1999,tt0167404,8.1,Bruce Willis, Haley Joel Osment, Toni Collette, Olivia Williams,1,1,2,1,1,1,7
Federico Fellini,16 Oct 1957,Nights of Cabiria,"Maria Molinari (novel), Federico Fellini (story), Ennio Flaiano (story), Tullio Pinelli (story), Federico Fellini (screenplay), Ennio Flaiano (screenplay), Tullio Pinelli (screenplay), Pier Paolo Pasolini (screenplay)",1957,tt0050783,8.2,Giulietta Masina, François Périer, Franca Marzi, Dorian Gray,2,1,1,1,1,1,7
Federico Fellini,25 Jun 1963,8½,"Federico Fellini (story), Ennio Flaiano (story), Ennio Flaiano (screenplay), Tullio Pinelli (screenplay), Federico Fellini (screenplay), Brunello Rondi (screenplay)",1963,tt0056801,8.1,Marcello Mastroianni, Claudia Cardinale, Anouk Aimée, Sandra Milo,2,1,1,1,1,1,7
Juan José Campanella,21 May 2010,The Secret in Their Eyes,"Eduardo Sacheri, Juan José Campanella, Eduardo Sacheri (novel)",2009,tt1305806,8.2,Soledad Villamil, Ricardo Darín, Carla Quevedo, Pablo Rago,1,1,1,1,1,1,6
Ingmar Bergman,22 Jun 1959,Wild Strawberries,Ingmar Bergman,1957,tt0050986,8.2,Victor Sjöström, Bibi Andersson, Ingrid Thulin, Gunnar Björnstrand,4,2,1,1,1,2,11
Ingmar Bergman,16 Mar 1967,Persona,Ingmar Bergman (story and screenplay),1966,tt0060827,8.1,Bibi Andersson, Liv Ullmann, Margaretha Krook, Gunnar Björnstrand,4,1,1,1,1,2,10
Ingmar Bergman,17 Dec 1982,Fanny and Alexander,Ingmar Bergman,1982,tt0083922,8.1,Kristina Adolphson, Börje Ahlstedt, Pernilla Allwin, Kristian Almgren,4,2,1,1,1,1,10
"Clyde Bruckman, Buster Keaton",24 Feb 1927,The General,"Buster Keaton, Clyde Bruckman, Al Boasberg (adapted by), Charles Henry Smith (adapted by)",1926,tt0017925,8.2,Buster Keaton, Marion Mack, Glen Cavender, Jim Farley,1,1,1,1,1,1,6
Guillermo del Toro,19 Jan 2007,Pan's Labyrinth,Guillermo del Toro,2006,tt0457430,8.2,Ivana Baquero, Sergi López, Maribel Verdú, Doug Jones,1,1,1,1,1,1,6
"Victor Fleming, George Cukor, Sam Wood",17 Jan 1940,Gone with the Wind,"Margaret Mitchell (story of the old south ""Gone with the Wind""), Sidney Howard (screenplay)",1939,tt0031381,8.2,Thomas Mitchell, Barbara O'Neil, Vivien Leigh, Evelyn Keyes,1,1,1,1,1,1,6
Ron Howard,27 Sep 2013,Rush,Peter Morgan,2013,tt1979320,8.1,Chris Hemsworth, Daniel Brühl, Olivia Wilde, Alexandra Maria Lara,2,1,1,1,1,1,7
Tomm Moore,10 Dec 2014,Song of the Sea,"Will Collins, Tomm Moore (story by)",2014,tt1865505,8.2,David Rawle, Brendan Gleeson, Lisa Hannigan, Fionnula Flanagan,1,1,1,1,1,1,6
Adam Elliot,09 Apr 2009,Mary and Max,Adam Elliot,2009,tt0978762,8.2,Toni Collette, Philip Seymour Hoffman, Barry Humphries, Eric Bana,1,1,1,1,1,1,6
John Carpenter,25 Jun 1982,The Thing,"Bill Lancaster (screenplay), John W. Campbell Jr. (story)",1982,tt0084787,8.2,Kurt Russell, Wilford Brimley, T.K. Carter, David Clennon,1,1,1,1,1,1,6
"Joel Coen, Ethan Coen",06 Mar 1998,The Big Lebowski,"Ethan Coen, Joel Coen",1998,tt0118715,8.2,Jeff Bridges, John Goodman, Julianne Moore, Steve Buscemi,2,2,1,1,1,2,9
"Pete Docter, David Silverman, Lee Unkrich",02 Nov 2001,"Monsters, Inc.","Pete Docter (original story by), Jill Culton (original story by), Jeff Pidgeon (original story by), Ralph Eggleston (original story by), Andrew Stanton (screenplay), Daniel Gerson (screenplay)",2001,tt0198781,8.1,John Goodman, Billy Crystal, Mary Gibbs, Steve Buscemi,1,1,1,1,1,2,7
"Joel Coen, Ethan Coen",05 Apr 1996,Fargo,"Ethan Coen, Joel Coen",1996,tt0116282,8.1,William H. Macy, Steve Buscemi, Peter Stormare, Kristin Rudrüd,2,2,1,1,1,1,8
James McTeigue,17 Mar 2006,V for Vendetta,"Lilly Wachowski (screenplay), Lana Wachowski (screenplay), David Lloyd (graphic novel art)",2005,tt0434409,8.2,Natalie Portman, Hugo Weaving, Stephen Rea, Stephen Fry,1,1,1,1,1,1,6
Lenny Abrahamson,22 Jan 2016,Room,"Emma Donoghue (screenplay), Emma Donoghue (novel)",2015,tt3170832,8.2,Brie Larson, Jacob Tremblay, Sean Bridgers, Wendy Crewson,1,1,1,1,1,1,6
Sean Penn,19 Oct 2007,Into the Wild,"Sean Penn (screenplay), Jon Krakauer (book)",2007,tt0758758,8.2,Emile Hirsch, Marcia Gay Harden, William Hurt, Jena Malone,1,1,1,1,1,1,6
David Lynch,10 Oct 1980,The Elephant Man,"Christopher De Vore (screenplay), Eric Bergren (screenplay), David Lynch (screenplay), Frederick Treves (book), Ashley Montagu (in part on the book ""The Elephant Man: A Study in Human Dignity"")",1980,tt0080678,8.2,Anthony Hopkins, John Hurt, Anne Bancroft, John Gielgud,1,1,1,1,1,2,7
Richard Attenborough,25 Feb 1983,Gandhi,John Briley,1982,tt0083987,8.1,Ben Kingsley, Candice Bergen, Edward Fox, John Gielgud,1,1,1,1,1,2,7
"Andrew Stanton, Lee Unkrich",30 May 2003,Finding Nemo,"Andrew Stanton (original story by), Andrew Stanton (screenplay), Bob Peterson (screenplay), David Reynolds (screenplay)",2003,tt0266543,8.2,Albert Brooks, Ellen DeGeneres, Alexander Gould, Willem Dafoe,1,1,1,1,1,1,6
Denis Villeneuve,12 Jan 2011,Incendies,"Denis Villeneuve (scenario), Wajdi Mouawad (play), Valérie Beaugrand-Champagne (collaboration), Denis Villeneuve (dialogue)",2010,tt1255953,8.2,Mustafa Kamel, Hussein Sami, Rémy Girard, Mélissa Désormeaux-Poulin,2,1,1,1,1,1,7
Danny Boyle,09 Aug 1996,Trainspotting,"Irvine Welsh (novel), John Hodge (screenplay)",1996,tt0117951,8.2,Ewan McGregor, Ewen Bremner, Jonny Lee Miller, Kevin McKidd,1,1,1,1,1,1,6
"Dean DeBlois, Chris Sanders",26 Mar 2010,How to Train Your Dragon,"William Davies (screenplay), Dean DeBlois (screenplay), Chris Sanders (screenplay), Cressida Cowell (book)",2010,tt0892769,8.2,Jay Baruchel, Gerard Butler, Craig Ferguson, America Ferrera,1,1,1,1,1,1,6
Robert Hamer,14 Jun 1950,Kind Hearts and Coronets,"Roy Horniman (novel), Robert Hamer (screenplay), John Dighton (screenplay)",1949,tt0041546,8.2,Dennis Price, Valerie Hobson, Joan Greenwood, Alec Guinness,1,1,1,1,1,1,6
David Yates,15 Jul 2011,Harry Potter and the Deathly Hallows: Part 2,"Steve Kloves (screenplay), J.K. Rowling (novel)",2011,tt1201607,8.1,Ralph Fiennes, Michael Gambon, Alan Rickman, Daniel Radcliffe,1,1,2,1,1,1,7
Wes Anderson,28 Mar 2014,The Grand Budapest Hotel,"Stefan Zweig (inspired by the writings of), Wes Anderson (screenplay), Wes Anderson (story), Hugo Guinness (story)",2014,tt2278388,8.1,Ralph Fiennes, F. Murray Abraham, Mathieu Amalric, Adrien Brody,1,1,2,1,1,1,7
Richard Linklater,27 Jan 1995,Before Sunrise,"Richard Linklater, Kim Krizan",1995,tt0112471,8.1,Ethan Hawke, Julie Delpy, Andrea Eckert, Hanno Pöschl,1,1,1,1,1,1,6
"Frank Miller, Robert Rodriguez, Quentin Tarantino",01 Apr 2005,Sin City,Frank Miller (graphic novels),2005,tt0401792,8.1,Jessica Alba, Devon Aoki, Alexis Bledel, Powers Boothe,1,1,1,1,1,1,6
Gore Verbinski,09 Jul 2003,Pirates of the Caribbean: The Curse of the Black Pearl,"Ted Elliott (screen story), Terry Rossio (screen story), Stuart Beattie (screen story), Jay Wolpert (screen story), Ted Elliott (screenplay), Terry Rossio (screenplay)",2003,tt0325980,8.1,Johnny Depp, Geoffrey Rush, Orlando Bloom, Keira Knightley,1,1,1,1,1,1,6
Lasse Hallström,12 Mar 2010,Hachi: A Dog's Tale,"Stephen P. Lindsey (screenplay), Kaneto Shindô (motion picture ""Hachiko monogatari"")",2009,tt1028532,8.1,Richard Gere, Joan Allen, Cary-Hiroyuki Tagawa, Sarah Roemer,1,1,1,1,1,1,6
Wilson Yip,12 Dec 2008,Ip Man,"Edmond Wong (screenplay), Tai-Li Chan",2008,tt1220719,8.1,Donnie Yen, Simon Yam, Lynn Hung, Hiroyuki Ikeuchi,1,1,1,1,1,1,6
"Wai-Keung Lau, Alan Mak",12 Dec 2002,Infernal Affairs,"Alan Mak, Felix Chong",2002,tt0338564,8.1,Andy Lau, Tony Chiu Wai Leung, Anthony Chau-Sang Wong, Eric Tsang,1,1,1,1,1,1,6
Woody Allen,20 Apr 1977,Annie Hall,"Woody Allen, Marshall Brickman",1977,tt0075686,8.1,Woody Allen, Diane Keaton, Tony Roberts, Carol Kane,1,1,1,1,1,1,6
George Miller,15 May 2015,Mad Max: Fury Road,"George Miller, Brendan McCarthy, Nick Lathouris",2015,tt1392190,8.1,Tom Hardy, Charlize Theron, Nicholas Hoult, Hugh Keays-Byrne,1,1,1,1,1,1,6
Tate Taylor,10 Aug 2011,The Help,"Tate Taylor (screenplay), Kathryn Stockett (novel)",2011,tt1454029,8.1,Emma Stone, Viola Davis, Bryce Dallas Howard, Octavia Spencer,1,1,1,1,1,1,6
Damián Szifrón,21 Aug 2014,Wild Tales,Damián Szifrón,2014,tt3011894,8.1,Darío Grandinetti, María Marull, Mónica Villa, Rita Cortese,1,1,1,1,1,1,6
Steve McQueen,08 Nov 2013,12 Years a Slave,"John Ridley (screenplay), Solomon Northup (based on ""Twelve Years a Slave"" by)",2013,tt2024544,8.1,Chiwetel Ejiofor, Dwight Henry, Dickie Gravois, Bryan Batt,1,1,1,1,1,1,6
Terry Gilliam,05 Jan 1996,Twelve Monkeys,"Chris Marker (film La Jetée), David Webb Peoples (screenplay), Janet Peoples (screenplay)",1995,tt0114746,8.1,Joseph Melito, Bruce Willis, Jon Seda, Michael Chance,1,1,1,1,1,1,6
Paul Thomas Anderson,25 Jan 2008,There Will Be Blood,"Paul Thomas Anderson (screenplay), Upton Sinclair (novel)",2007,tt0469494,8.1,Daniel Day-Lewis, Martin Stringer, Matthew Braden Stringer, Jacob Stringer,1,1,1,1,1,1,6
William Wyler,17 Jun 1947,The Best Years of Our Lives,"Robert E. Sherwood (screen play), MacKinlay Kantor (from a novel by)",1946,tt0036868,8.1,Myrna Loy, Fredric March, Dana Andrews, Teresa Wright,3,1,1,1,1,1,8
Rob Reiner,09 Oct 1987,The Princess Bride,"William Goldman (book), William Goldman (screenplay)",1987,tt0093779,8.1,Cary Elwes, Mandy Patinkin, Chris Sarandon, Christopher Guest,2,1,1,1,1,1,7
Rob Reiner,22 Aug 1986,Stand by Me,"Stephen King (novel), Raynold Gideon (screenplay), Bruce A. Evans (screenplay)",1986,tt0092005,8.1,Wil Wheaton, River Phoenix, Corey Feldman, Jerry O'Connell,2,1,1,1,1,1,7
Morten Tyldum,25 Dec 2014,The Imitation Game,"Graham Moore, Andrew Hodges (book)",2014,tt2084970,8.1,Benedict Cumberbatch, Keira Knightley, Matthew Goode, Rory Kinnear,1,1,1,1,1,1,6
James Gunn,01 Aug 2014,Guardians of the Galaxy,"James Gunn, Nicole Perlman, Dan Abnett (based on the Marvel comic book by), Andy Lanning (based on the Marvel comic book by)",2014,tt2015381,8.1,Chris Pratt, Zoe Saldana, Dave Bautista, Vin Diesel,1,1,1,1,1,1,6
Alejandro G. Iñárritu,13 Apr 2001,Amores Perros,Guillermo Arriaga,2000,tt0245712,8.1,Emilio Echevarría, Gael García Bernal, Goya Toledo, Álvaro Guerrero,2,1,1,1,1,1,7
Andrei Tarkovsky,17 Apr 1980,Stalker,"Arkadiy Strugatskiy (novel), Boris Strugatskiy (novel), Arkadiy Strugatskiy (screenplay), Boris Strugatskiy (screenplay)",1979,tt0079944,8.1,Alisa Freyndlikh, Aleksandr Kaydanovskiy, Anatoliy Solonitsyn, Nikolay Grinko,1,1,1,1,1,1,6
Oliver Stone,06 Feb 1987,Platoon,Oliver Stone,1986,tt0091763,8.1,Tom Berenger, Keith David, Willem Dafoe, Forest Whitaker,1,1,1,1,1,1,6
Joss Whedon,04 May 2012,The Avengers,"Joss Whedon (screenplay), Zak Penn (story), Joss Whedon (story)",2012,tt0848228,8.1,Robert Downey Jr., Chris Evans, Mark Ruffalo, Chris Hemsworth,1,1,1,1,1,1,6
Gillo Pontecorvo,20 Sep 1967,The Battle of Algiers,"Franco Solinas, Franco Solinas (story), Gillo Pontecorvo (story)",1966,tt0058946,8.1,Jean Martin, Yacef Saadi, Brahim Hadjadj, Samia Kerbash,1,1,1,1,1,1,6
"Byron Howard, Rich Moore, Jared Bush",04 Mar 2016,Zootopia,"Byron Howard (story by), Rich Moore (story by), Jared Bush (story by), Jim Reardon (story by), Josie Trinidad (story by), Phil Johnston (story by), Jennifer Lee (story by), Jared Bush (screenplay), Phil Johnston (screenplay)",2016,tt2948356,8.1,Ginnifer Goodwin, Jason Bateman, Idris Elba, Jenny Slate,1,1,1,1,1,1,6
Mathieu Kassovitz,23 Feb 1996,La Haine,Mathieu Kassovitz,1995,tt0113247,8.1,Vincent Cassel, Hubert Koundé, Saïd Taghmaoui, Abdel Ahmed Ghili,1,1,1,1,1,1,6
Richard Kelly,26 Oct 2001,Donnie Darko,Richard Kelly,2001,tt0246578,8.1,Jake Gyllenhaal, Holmes Osborne, Maggie Gyllenhaal, Daveigh Chase,1,1,1,1,1,1,6
Jim Sheridan,25 Feb 1994,In the Name of the Father,"Gerry Conlon (autobiographical book ""Proved Innocent""), Terry George (screenplay), Jim Sheridan (screenplay)",1993,tt0107207,8.1,Alison Crosbie, Daniel Day-Lewis, Philip King, Emma Thompson,1,1,1,1,1,1,6
Tom McCarthy,20 Nov 2015,Spotlight,"Josh Singer, Tom McCarthy",2015,tt1895587,8.1,Mark Ruffalo, Michael Keaton, Rachel McAdams, Liev Schreiber,1,1,1,1,1,1,6
François Truffaut,16 Nov 1959,The 400 Blows,"François Truffaut (scenario), Marcel Moussy (adaptation), François Truffaut (adaptation), Marcel Moussy (dialogue)",1959,tt0053198,8.1,Jean-Pierre Léaud, Claire Maurier, Albert Rémy, Guy Decomble,1,1,1,1,1,1,6
John G. Avildsen,03 Dec 1976,Rocky,Sylvester Stallone,1976,tt0075148,8.1,Sylvester Stallone, Talia Shire, Burt Young, Carl Weathers,1,1,1,1,1,1,6
Tim Miller,12 Feb 2016,Deadpool,"Rhett Reese, Paul Wernick",2016,tt1431045,8.1,Ryan Reynolds, Karan Soni, Ed Skrein, Michael Benyaer,1,1,1,1,1,1,6
Wim Wenders,19 Sep 1984,"Paris, Texas","L.M. Kit Carson (adaptation), Sam Shepard",1984,tt0087884,8.1,Harry Dean Stanton, Sam Berry, Bernhard Wicki, Dean Stockwell,1,1,1,1,1,1,6
"Victor Fleming, George Cukor, Mervyn LeRoy, Norman Taurog, King Vidor",25 Aug 1939,The Wizard of Oz,"Noel Langley (screenplay), Florence Ryerson (screenplay), Edgar Allan Woolf (screenplay), Noel Langley (adaptation), L. Frank Baum (from the book by)",1939,tt0032138,8.1,Judy Garland, Frank Morgan, Ray Bolger, Bert Lahr,1,1,1,1,1,1,6
Terry George,04 Feb 2005,Hotel Rwanda,"Keir Pearson, Terry George",2004,tt0395169,8.1,Xolani Mali, Don Cheadle, Desmond Dube, Hakeem Kae-Kazim,1,1,1,1,1,1,6
John Ford,15 Mar 1940,The Grapes of Wrath,"Nunnally Johnson (screen play), John Steinbeck (based on the novel by)",1940,tt0032551,8.1,Henry Fonda, Jane Darwell, John Carradine, Charley Grapewin,1,1,1,1,1,1,6
Joon-ho Bong,02 May 2003,Memories of Murder,"Joon-ho Bong, Kwang-rim Kim (play), Sung-bo Shim",2003,tt0353969,8.1,Kang-ho Song, Sang-kyung Kim, Roe-ha Kim, Jae-ho Song,1,1,1,1,1,1,6
"Ethan Coen, Joel Coen",21 Nov 2007,No Country for Old Men,"Joel Coen (screenplay), Ethan Coen (screenplay), Cormac McCarthy (novel)",2007,tt0477348,8.1,Tommy Lee Jones, Javier Bardem, Josh Brolin, Woody Harrelson,1,1,1,1,1,1,6
Harold Ramis,12 Feb 1993,Groundhog Day,"Danny Rubin (screenplay), Harold Ramis (screenplay), Danny Rubin (story)",1993,tt0107048,8.1,Bill Murray, Andie MacDowell, Chris Elliott, Stephen Tobolowsky,1,1,1,1,1,1,6
Tom Hooper,25 Dec 2010,The King's Speech,David Seidler (screenplay),2010,tt1504320,8.0,Colin Firth, Helena Bonham Carter, Derek Jacobi, Robert Portal,1,1,1,1,1,1,6
"Gary Trousdale, Kirk Wise",22 Nov 1991,Beauty and the Beast,"Linda Woolverton (animation screenplay by), Brenda Chapman (story), Chris Sanders (story), Burny Mattinson (story), Kevin Harkey (story), Brian Pimental (story), Bruce Woodside (story), Joe Ranft (story), Tom Ellery (story), Kelly Asbury (story), Robert Lence (story)",1991,tt0101414,8.0,Robby Benson, Jesse Corti, Rex Everhart, Angela Lansbury,1,1,1,1,1,1,6
